metric,n_pairs,mean_diff,median_diff,sd_diff,ci_lower,ci_upper,t_stat,p_value,cohens_d,comparison,mean_orig,mean_rewritten
Flesch-Kincaid Grade Level,651,-1.064168911065035,-0.9033984902566097,3.2253424927505505,-1.3123923923213607,-0.8159454298087092,-8.418315985369384,2.436826787785349e-16,-0.3299398167657906,250 vs Original,13.862622636459003,12.798453725393966
Flesch-Kincaid Grade Level,651,-0.8677612440605259,-0.7346452509072741,3.1805096221880844,-1.112534371988254,-0.6229881161327978,-6.961358986708212,8.258704610669193e-12,-0.2728371698695051,300 vs Original,13.862622636459003,12.994861392398475
