version,n,corr_total_vs_flesch_kincaid,corr_total_vs_reading_ease,corr_total_vs_word_count,mean_total_score,mean_flesch_kincaid,mean_reading_ease,mean_word_count
Original,1066,-0.2448934032188091,0.501353811252294,0.4754905525445332,9.671669793621014,13.56121718927318,25.328384080177578,282.41181988742966
250-word,1066,0.26094672707594685,-0.3241920282931559,0.6526701716481424,15.370544090056285,12.326075778122624,29.687152982939622,209.4437148217636
300-word,1066,0.2812628685690023,-0.3409555778048361,0.6217201870993964,15.962476547842401,12.494590983954982,29.21622029965427,243.3517823639775
