,flesch_kincaid,flesch_kincaid,flesch_kincaid,reading_ease,reading_ease,reading_ease,word_count,word_count,word_count
,mean,std,median,mean,std,median,mean,std,median
version,,,,,,,,,
250,12.326075778122624,2.5678118968262043,12.575167107846108,29.687152982939622,16.190282172001893,27.995895223540415,209.4437148217636,51.831735007490074,222.0
300,12.494590983954984,2.629682145279928,12.683428428093444,29.21622029965427,16.263288169514674,27.612826619516213,243.3517823639775,59.42659559848456,256.0
original,13.56121718927318,3.7318701834176022,13.441440393191385,25.328384080177578,16.950469587455707,27.141991673733727,282.41181988742966,133.08885877353757,261.0
