comparison,n_pairs,mean_diff,median_diff,sd_diff,ci_lower,ci_upper,t_stat,p_value,cohens_d
250 vs Original,1066,5.698874296435272,4.0,6.400288920206497,5.314226798830004,6.08352179404054,29.071544185519723,2.8799714565767943e-137,0.8904089123919432
300 vs Original,1066,6.290806754221388,5.0,6.528079465521303,5.898479241840886,6.683134266601891,31.462955378525486,3.52346870293329e-154,0.963653519759817
