version,target,n_total,mean_wc,sd_wc,median_wc,tolerance_pct,lower_bound,upper_bound,n_compliant,pct_compliant,min_wc,max_wc
Original,N/A,651,262.2642089093702,108.9240988809504,258.0,,,,,,,
250-word,250,651,218.9293394777266,24.005920731736655,221.0,10.0,225.0,275.0,282.0,43.31797235023041,15.0,276.0
300-word,300,651,258.0921658986175,23.65471070489841,258.0,10.0,270.0,330.0,161.0,24.731182795698924,184.0,494.0
